id,title,name,description,img01,img02,img03
test01,日本のページ,サイト説明Aが入ります,ページの紹介文が入ります。ページの紹介文が入ります。ページの紹介文が入ります。,/free_work/_frontend/img/base-assets/kv01_1.jpg,/free_work/_frontend/img/base-assets/kv01_2.jpg,/free_work/_frontend/img/base-assets/kv01_3.jpg
test02,台湾のページ,サイト説明Bが入ります,ページの紹介文が入ります。ページの紹介文が入ります。ページの紹介文が入ります。,/free_work/_frontend/img/base-assets/kv02_1.jpg,/free_work/_frontend/img/base-assets/kv02_2.jpg,/free_work/_frontend/img/base-assets/kv02_3.jpg
test03,アメリカのページ,サイト説明Cが入ります,ページの紹介文が入ります。ページの紹介文が入ります。ページの紹介文が入ります。,/free_work/_frontend/img/base-assets/kv03_1.jpg,/free_work/_frontend/img/base-assets/kv03_2.jpg,/free_work/_frontend/img/base-assets/kv03_3.jpg
test04,日本のページ,サイト説明Dが入ります,ページの紹介文が入ります。ページの紹介文が入ります。ページの紹介文が入ります。,/free_work/_frontend/img/base-assets/kv01_1.jpg,/free_work/_frontend/img/base-assets/kv01_2.jpg,/free_work/_frontend/img/base-assets/kv01_3.jpg
test05,台湾のページ,サイト説明Eが入ります,ページの紹介文が入ります。ページの紹介文が入ります。ページの紹介文が入ります。,/free_work/_frontend/img/base-assets/kv02_1.jpg,/free_work/_frontend/img/base-assets/kv02_2.jpg,/free_work/_frontend/img/base-assets/kv02_3.jpg
test06,アメリカのページ,サイト説明Fが入ります,ページの紹介文が入ります。ページの紹介文が入ります。ページの紹介文が入ります。,/free_work/_frontend/img/base-assets/kv03_1.jpg,/free_work/_frontend/img/base-assets/kv03_2.jpg,/free_work/_frontend/img/base-assets/kv03_3.jpg
test07,日本のページ,サイト説明Gが入ります,ページの紹介文が入ります。ページの紹介文が入ります。ページの紹介文が入ります。,/free_work/_frontend/img/base-assets/kv01_1.jpg,/free_work/_frontend/img/base-assets/kv01_2.jpg,/free_work/_frontend/img/base-assets/kv01_3.jpg
test08,台湾のページ,サイト説明Hが入ります,ページの紹介文が入ります。ページの紹介文が入ります。ページの紹介文が入ります。,/free_work/_frontend/img/base-assets/kv02_1.jpg,/free_work/_frontend/img/base-assets/kv02_2.jpg,/free_work/_frontend/img/base-assets/kv02_3.jpg
test09,アメリカのページ,サイト説明Iが入ります,ページの紹介文が入ります。ページの紹介文が入ります。ページの紹介文が入ります。,/free_work/_frontend/img/base-assets/kv03_1.jpg,/free_work/_frontend/img/base-assets/kv03_2.jpg,/free_work/_frontend/img/base-assets/kv03_3.jpg
test10,日本のページ,サイト説明Jが入ります,ページの紹介文が入ります。ページの紹介文が入ります。ページの紹介文が入ります。,/free_work/_frontend/img/base-assets/kv01_1.jpg,/free_work/_frontend/img/base-assets/kv01_2.jpg,/free_work/_frontend/img/base-assets/kv01_3.jpg
test11,台湾のページ,サイト説明Kが入ります,ページの紹介文が入ります。ページの紹介文が入ります。ページの紹介文が入ります。,/free_work/_frontend/img/base-assets/kv02_1.jpg,/free_work/_frontend/img/base-assets/kv02_2.jpg,/free_work/_frontend/img/base-assets/kv02_3.jpg
test12,アメリカのページ,サイト説明Lが入ります,ページの紹介文が入ります。ページの紹介文が入ります。ページの紹介文が入ります。,/free_work/_frontend/img/base-assets/kv03_1.jpg,/free_work/_frontend/img/base-assets/kv03_2.jpg,/free_work/_frontend/img/base-assets/kv03_3.jpg
test13,日本のページ,サイト説明Mが入ります,ページの紹介文が入ります。ページの紹介文が入ります。ページの紹介文が入ります。,/free_work/_frontend/img/base-assets/kv01_1.jpg,/free_work/_frontend/img/base-assets/kv01_2.jpg,/free_work/_frontend/img/base-assets/kv01_3.jpg
test14,台湾のページ,サイト説明Nが入ります,ページの紹介文が入ります。ページの紹介文が入ります。ページの紹介文が入ります。,/free_work/_frontend/img/base-assets/kv02_1.jpg,/free_work/_frontend/img/base-assets/kv02_2.jpg,/free_work/_frontend/img/base-assets/kv02_3.jpg
test15,アメリカのページ,サイト説明Oが入ります,ページの紹介文が入ります。ページの紹介文が入ります。ページの紹介文が入ります。,/free_work/_frontend/img/base-assets/kv03_1.jpg,/free_work/_frontend/img/base-assets/kv03_2.jpg,/free_work/_frontend/img/base-assets/kv03_3.jpg
test16,日本のページ,サイト説明Pが入ります,ページの紹介文が入ります。ページの紹介文が入ります。ページの紹介文が入ります。,/free_work/_frontend/img/base-assets/kv01_1.jpg,/free_work/_frontend/img/base-assets/kv01_2.jpg,/free_work/_frontend/img/base-assets/kv01_3.jpg
test17,台湾のページ,サイト説明Qが入ります,ページの紹介文が入ります。ページの紹介文が入ります。ページの紹介文が入ります。,/free_work/_frontend/img/base-assets/kv02_1.jpg,/free_work/_frontend/img/base-assets/kv02_2.jpg,/free_work/_frontend/img/base-assets/kv02_3.jpg
test18,アメリカのページ,サイト説明Rが入ります,ページの紹介文が入ります。ページの紹介文が入ります。ページの紹介文が入ります。,/free_work/_frontend/img/base-assets/kv03_1.jpg,/free_work/_frontend/img/base-assets/kv03_2.jpg,/free_work/_frontend/img/base-assets/kv03_3.jpg
test19,日本のページ,サイト説明Sが入ります,ページの紹介文が入ります。ページの紹介文が入ります。ページの紹介文が入ります。,/free_work/_frontend/img/base-assets/kv01_1.jpg,/free_work/_frontend/img/base-assets/kv01_2.jpg,/free_work/_frontend/img/base-assets/kv01_3.jpg
test20,台湾のページ,サイト説明Tが入ります,ページの紹介文が入ります。ページの紹介文が入ります。ページの紹介文が入ります。,/free_work/_frontend/img/base-assets/kv02_1.jpg,/free_work/_frontend/img/base-assets/kv02_2.jpg,/free_work/_frontend/img/base-assets/kv02_3.jpg
